6029,866.58,733.51
34196,186.4,185.06
39251,869.59,617.5
46713,220.39,866.52
55711,824.36,765.78
63379,537.42,811.67
67699,751.97,573.93
72574,153.27,722.44
76680,603.5,775.53
85549,235.38,876.66
96319,347.33,860.7
1.0188e+05,780.71,378.81
1.075e+05,847.84,694.51
1.2201e+05,309.48,884.58
1.2971e+05,882.2,279.91
1.3665e+05,655.61,747.65
1.4654e+05,894.99,270.57
1.6128e+05,260.58,875.71
1.7143e+05,801.56,770.72
2.0233e+05,77.939,566.03
2.1239e+05,271.64,877.41
2.3034e+05,295.01,562.1
2.5707e+05,872.42,333.07
2.6902e+05,642.97,888.98
